Timestamp,User Count,Type,Name,Requests/s,Failures/s,50%,66%,75%,80%,90%,95%,98%,99%,99.9%,99.99%,100%,Total Request Count,Total Failure Count,Total Median Response Time,Total Average Response Time,Total Min Response Time,Total Max Response Time,Total Average Content Size
1788572310,0,,Aggregated,0.000000,0.000000,N/A,N/A,N/A,N/A,N/A,N/A,N/A,N/A,N/A,N/A,N/A,0,0,0,0.0,0,0,0
1788572311,30,,Aggregated,0.000000,0.000000,7,9,13,19,29,39,44,45,47,47,47,227,0,7,11.313061924986984,2.2948709993215743,47.14262599918584,79.0
1788572312,30,,Aggregated,0.000000,0.000000,7,9,11,12,21,29,40,44,47,47,47,450,0,7,9.661634826596936,2.2948709993215743,47.14262599918584,79.0
1788572313,30,,Aggregated,99.000000,0.000000,8,11,16,21,40,52,84,100,120,120,120,644,0,8,15.101684779457845,2.2948709993215743,121.58168499991007,79.0
1788572314,30,,Aggregated,162.000000,0.000000,8,12,15,19,35,48,72,92,120,120,120,857,0,8,14.387958999978832,2.2948709993215743,121.58168499991007,79.0
1788572315,30,,Aggregated,181.333333,0.000000,9,13,17,21,34,46,64,88,110,120,120,1063,0,9,14.705078208831885,2.2948709993215743,121.58168499991007,79.0
1788572316,30,,Aggregated,182.250000,0.000000,10,16,22,26,44,61,86,92,110,120,120,1256,0,10,17.986070528647193,2.0389769997564144,121.58168499991007,79.0
1788572317,30,,Aggregated,187.000000,0.000000,11,17,24,28,47,67,85,92,110,120,120,1455,0,11,18.959481388300606,2.0389769997564144,121.58168499991007,79.0
1788572318,30,,Aggregated,189.833333,0.000000,11,18,23,28,44,62,84,90,110,120,120,1671,0,11,18.75391347156623,2.0389769997564144,121.58168499991007,79.0
1788572319,30,,Aggregated,186.714286,0.000000,12,18,23,27,43,62,82,88,110,120,120,1878,0,12,18.55328858466578,2.0389769997564144,121.58168499991007,79.0
1788572320,30,,Aggregated,190.375000,0.000000,12,19,25,31,51,73,92,100,120,130,130,2048,0,12,20.819697635256595,2.0389769997564144,125.43694099986169,79.0
1788572321,30,,Aggregated,193.222222,0.000000,12,18,24,29,49,72,90,100,120,130,130,2260,0,12,20.079622941151666,2.0389769997564144,125.43694099986169,79.0
1788572322,30,,Aggregated,191.700000,0.000000,12,18,23,27,46,69,88,100,120,130,130,2479,0,12,19.424599435257218,2.0389769997564144,125.43694099986169,79.0
1788572323,30,,Aggregated,199.800000,0.000000,11,17,22,27,46,68,88,100,120,130,130,2699,0,11,18.970061813635876,2.0389769997564144,125.43694099986169,79.0
1788572324,30,,Aggregated,197.900000,0.000000,11,16,21,25,43,64,86,97,120,130,130,2924,0,11,18.13368206976943,2.0389769997564144,125.43694099986169,79.0
1788572325,30,,Aggregated,197.800000,0.000000,11,16,20,24,43,62,85,95,120,130,130,3142,0,11,17.879449823362688,2.0389769997564144,125.43694099986169,79.0
1788572326,30,,Aggregated,200.700000,0.000000,11,16,20,24,41,61,84,93,120,130,130,3353,0,11,17.553547378169256,2.0389769997564144,125.43694099986169,79.0
1788572327,30,,Aggregated,202.000000,0.000000,10,16,20,23,39,59,82,92,120,130,130,3552,0,10,17.279359472130583,2.0389769997564144,125.43694099986169,79.0
1788572328,30,,Aggregated,202.900000,0.000000,10,16,20,23,39,60,84,92,120,130,130,3777,0,10,17.286161562615074,2.0389769997564144,125.43694099986169,79.0
1788572329,30,,Aggregated,207.200000,0.000000,11,16,20,23,39,58,83,92,120,130,130,3989,0,11,17.24050333391913,2.0389769997564144,125.43694099986169,79.0
1788572330,30,,Aggregated,205.700000,0.000000,11,16,20,24,40,57,82,92,120,130,130,4202,0,11,17.365386560447085,1.7024080007104203,125.43694099986169,79.0
1788572331,30,,Aggregated,204.800000,0.000000,11,16,21,25,41,56,81,92,120,130,130,4396,0,11,17.619260768204317,1.689458000328159,125.43694099986169,79.0
1788572333,30,,Aggregated,208.700000,0.000000,11,17,21,25,40,55,80,92,120,130,130,4616,0,11,17.540297809795295,1.6800449993752409,125.43694099986169,79.0
1788572334,30,,Aggregated,209.300000,0.000000,11,17,21,25,39,54,79,91,120,130,130,4839,0,11,17.387602620790105,1.6800449993752409,125.43694099986169,79.0
1788572335,30,,Aggregated,209.400000,0.000000,11,17,21,25,38,53,78,90,120,130,130,5048,0,11,17.416149370839154,1.6800449993752409,125.43694099986169,79.0
1788572336,30,,Aggregated,209.900000,0.000000,11,16,21,24,37,52,77,90,120,130,130,5280,0,11,16.972898982577465,1.6800449993752409,125.43694099986169,79.0
1788572337,30,,Aggregated,208.600000,0.000000,11,16,20,24,36,51,76,88,120,130,130,5509,0,11,16.732435130692657,1.6800449993752409,125.43694099986169,79.0
1788572338,30,,Aggregated,210.000000,0.000000,11,16,20,24,36,51,76,88,120,130,130,5720,0,11,16.58274649265324,1.6800449993752409,125.43694099986169,79.0
1788572339,30,,Aggregated,210.900000,0.000000,11,16,21,24,36,51,74,88,120,130,130,5928,0,11,16.68331216784526,1.6800449993752409,125.43694099986169,79.0
1788572340,30,,Aggregated,212.200000,0.000000,11,16,21,24,36,51,73,87,120,130,130,6144,0,11,16.69273184114613,1.4200990008248482,125.43694099986169,79.0
1788572341,30,,Aggregated,212.100000,0.000000,11,17,21,25,37,51,72,87,120,130,130,6351,0,11,16.9280529962209,1.4200990008248482,125.43694099986169,79.0
1788572342,30,,Aggregated,210.800000,0.000000,11,16,21,24,36,50,72,86,120,130,130,6575,0,11,16.619686368819544,1.4200990008248482,125.43694099986169,79.0
1788572343,30,,Aggregated,210.700000,0.000000,11,16,21,24,36,49,72,86,120,130,130,6788,0,11,16.59141290336101,1.4200990008248482,125.43694099986169,79.0
1788572344,30,,Aggregated,213.300000,0.000000,11,17,21,24,36,49,71,85,120,130,130,6995,0,11,16.637719970979543,1.4200990008248482,125.43694099986169,79.0
1788572345,30,,Aggregated,212.600000,0.000000,11,17,21,25,36,49,72,85,110,130,130,7218,0,11,16.70766820296607,1.4200990008248482,125.43694099986169,79.0
1788572346,30,,Aggregated,211.200000,0.000000,11,17,21,25,36,49,71,85,110,130,130,7426,0,11,16.79180789792849,1.4200990008248482,125.43694099986169,79.0
1788572347,30,,Aggregated,210.700000,0.000000,11,17,22,25,37,49,71,85,120,130,130,7614,0,11,16.949621848571432,1.4200990008248482,125.43694099986169,79.0
1788572348,30,,Aggregated,209.200000,0.000000,11,17,22,25,37,50,73,88,160,190,190,7831,0,11,17.18347279837113,1.4200990008248482,192.73067100039043,79.0
1788572349,30,,Aggregated,207.400000,0.000000,11,17,22,26,38,51,73,88,150,190,190,8031,0,11,17.4158165435238,1.4200990008248482,192.73067100039043,79.0
1788572350,30,,Aggregated,204.200000,0.000000,12,17,22,26,38,51,73,87,150,190,190,8239,0,12,17.429926647169022,1.378390999889234,192.73067100039043,79.0
1788572351,30,,Aggregated,202.900000,0.000000,11,17,22,26,38,51,72,87,150,190,190,8445,0,11,17.36157589804676,1.378390999889234,192.73067100039043,79.0
1788572352,30,,Aggregated,202.300000,0.000000,12,18,22,26,38,50,72,87,150,190,190,8651,0,12,17.42424609501685,1.378390999889234,192.73067100039043,79.0
1788572353,30,,Aggregated,203.200000,0.000000,11,17,22,26,38,50,72,86,150,190,190,8876,0,11,17.178845085846582,1.378390999889234,192.73067100039043,79.0
1788572354,30,,Aggregated,202.300000,0.000000,11,17,22,26,37,49,71,86,140,190,190,9099,0,11,17.056593463893503,1.378390999889234,192.73067100039043,79.0
1788572355,30,,Aggregated,202.100000,0.000000,11,17,22,25,37,49,70,85,140,190,190,9323,0,11,16.930937781934585,1.378390999889234,192.73067100039043,79.0
1788572356,30,,Aggregated,202.900000,0.000000,11,17,21,25,37,49,70,85,140,190,190,9535,0,11,16.77861547194173,1.378390999889234,192.73067100039043,79.0
1788572357,30,,Aggregated,205.700000,0.000000,11,17,21,25,36,49,69,85,140,190,190,9754,0,11,16.66771121539566,1.378390999889234,192.73067100039043,79.0
1788572358,30,,Aggregated,206.700000,0.000000,11,17,21,25,36,48,69,85,140,190,190,9967,0,11,16.610157356573275,1.378390999889234,192.73067100039043,79.0
1788572359,30,,Aggregated,207.300000,0.000000,11,17,21,25,36,48,68,84,130,190,190,10181,0,11,16.524782309691197,1.378390999889234,192.73067100039043,79.0
1788572360,30,,Aggregated,210.200000,0.000000,11,17,21,25,36,48,68,84,130,190,190,10405,0,11,16.495535968761104,1.378390999889234,192.73067100039043,79.0
1788572361,30,,Aggregated,211.300000,0.000000,11,16,21,24,35,48,68,83,130,190,190,10626,0,11,16.286500728586276,1.378390999889234,192.73067100039043,79.0
1788572362,30,,Aggregated,213.100000,0.000000,11,16,21,24,35,48,66,83,130,190,190,10859,0,11,16.109871513945876,1.378390999889234,192.73067100039043,79.0
1788572363,30,,Aggregated,214.800000,0.000000,10,16,20,24,35,47,65,82,130,190,190,11081,0,10,15.945249752003074,1.3437599991448224,192.73067100039043,79.0
1788572364,30,,Aggregated,215.900000,0.000000,10,16,20,24,34,47,65,82,130,190,190,11302,0,10,15.851068295518079,1.3437599991448224,192.73067100039043,79.0
1788572365,30,,Aggregated,217.300000,0.000000,10,16,20,23,34,46,64,81,130,190,190,11523,0,10,15.773595984375428,1.3437599991448224,192.73067100039043,79.0
1788572366,30,,Aggregated,217.800000,0.000000,10,16,20,23,34,46,64,81,130,190,190,11739,0,10,15.718322528832156,1.3437599991448224,192.73067100039043,79.0
